<?xml version="1.0" encoding="UTF-8"?><rss version="2.0"
	xmlns:content="http://purl.org/rss/1.0/modules/content/"
	xmlns:dc="http://purl.org/dc/elements/1.1/"
	xmlns:atom="http://www.w3.org/2005/Atom"
	xmlns:sy="http://purl.org/rss/1.0/modules/syndication/"
	
	>
<channel>
	<title>
	Comments on: Whats the autonomy of a motorhome? And how to handle it?	</title>
	<atom:link href="/2019/02/whats-the-autonomy-of-a-motorhome-and-how-to-handle-it/feed/" rel="self" type="application/rss+xml" />
	<link>/2019/02/whats-the-autonomy-of-a-motorhome-and-how-to-handle-it/</link>
	<description>Motorhome and campervan renting in Portugal and Spain</description>
	<lastBuildDate>Wed, 20 Feb 2019 22:57:13 +0000</lastBuildDate>
	<sy:updatePeriod>
	hourly	</sy:updatePeriod>
	<sy:updateFrequency>
	1	</sy:updateFrequency>
	<generator>https://wordpress.org/?v=6.5.3</generator>
</channel>
</rss>
