<?xml version="1.0" encoding="UTF-8"?><rss version="2.0"
	xmlns:content="http://purl.org/rss/1.0/modules/content/"
	xmlns:wfw="http://wellformedweb.org/CommentAPI/"
	xmlns:dc="http://purl.org/dc/elements/1.1/"
	xmlns:atom="http://www.w3.org/2005/Atom"
	xmlns:sy="http://purl.org/rss/1.0/modules/syndication/"
	xmlns:slash="http://purl.org/rss/1.0/modules/slash/"
	>

<channel>
	<title>Winter &#8211; CaravanConcierge</title>
	<atom:link href="/category/winter/feed/" rel="self" type="application/rss+xml" />
	<link>/</link>
	<description>Motorhome and campervan renting in Portugal and Spain</description>
	<lastBuildDate>Wed, 20 Feb 2019 22:58:40 +0000</lastBuildDate>
	<language>en-US</language>
	<sy:updatePeriod>
	hourly	</sy:updatePeriod>
	<sy:updateFrequency>
	1	</sy:updateFrequency>
	<generator>https://wordpress.org/?v=6.5.3</generator>

<image>
	<url>/wp-content/uploads/2019/02/Logo_square_192-36x36.png</url>
	<title>Winter &#8211; CaravanConcierge</title>
	<link>/</link>
	<width>32</width>
	<height>32</height>
</image> 
	<item>
		<title>Snow, ski, snowboard&#8230; and a motorhome</title>
		<link>/2019/02/snow-ski-snowboard-and-a-motorhome/</link>
		
		<dc:creator><![CDATA[André Silva]]></dc:creator>
		<pubDate>Tue, 12 Feb 2019 00:49:24 +0000</pubDate>
				<category><![CDATA[Family]]></category>
		<category><![CDATA[Uncategorized]]></category>
		<category><![CDATA[Vacation]]></category>
		<category><![CDATA[Winter]]></category>
		<guid isPermaLink="false">/?p=379</guid>

					<description><![CDATA[Normally you wouldn’t associate Portugal, motorhome and snow on the same sentence but, if you combine all that, you can have a fantastic break from the routine, with a very low cost. Although Portugal is not a good place to &#8230; <a href="/2019/02/snow-ski-snowboard-and-a-motorhome/">Read More</a>]]></description>
										<content:encoded><![CDATA[		<div data-elementor-type="wp-post" data-elementor-id="379" class="elementor elementor-379 elementor-bc-flex-widget">
						<section class="elementor-section elementor-top-section elementor-element elementor-element-2cfe8a59 elementor-section-boxed elementor-section-height-default elementor-section-height-default" data-id="2cfe8a59" data-element_type="section">
						<div class="elementor-container elementor-column-gap-default">
					<div class="elementor-column elementor-col-100 elementor-top-column elementor-element elementor-element-1f1f7b1c" data-id="1f1f7b1c" data-element_type="column">
			<div class="elementor-widget-wrap elementor-element-populated">
						<div class="elementor-element elementor-element-f9cbba0 elementor-widget elementor-widget-text-editor" data-id="f9cbba0" data-element_type="widget" data-widget_type="text-editor.default">
				<div class="elementor-widget-container">
							<p></p>
<p>Normally you wouldn’t associate Portugal, motorhome and snow on the same sentence but, if you combine all that, you can have a fantastic break from the routine, with a very low cost.</p>
<p></p>
<p></p>
<p>Although Portugal is not a good place to ski &#8211; it only offers one Ski resort (if we may called it a resort) in the Serra da Estrela, close by you can find much more attractive ski resort in Spain. On the north, you can choose from Bejar, 4 hours drive from Porto, or Santo Isidro (6 hour drive). Manzaneda is a smaller ski resort, but it still offers a good tracks to explore on a pair of days.</p>
<p></p>
<p></p>
<p>If you haven’t considered going to the cold mountains with a motorhome, let me tell you it’s something you’ll never forget, to sleep and wake up on top of the clouds, with a mind blowing view and the mountain just for you.</p>
<p></p>
<p></p>
<p>Opposite to what people think, it&#8217;s much more easy to heat up a motorhome than to cool it, making them very suitable and perfect for the cold days. Most our motorhome have been manufactured in Germany (Bürstner and Dethleffs) and are completely prepared for negative temperatures outside. If you choose our services, you’ll get the motorhome with free gas bottles &#8211; that will provide you not only with a hot water shower but also allow you to have the motorhome with a very pleasant temperature.</p>
<p></p>
<p></p>
<p>If you are new to motorhome travel, here’s a tip: for very cold temperatures, always equip the motorhome with propane gas. Butane gas has a higher boiling temperature and will fail when the outside temperature gets below zero.</p>
<p></p>
<p></p>
<p>Another big advantage on a motorhome is that you’ll be the first one arriving to the ski tracks &#8211; since you can literally sleep there, hence you can avoid a very long traffic that typically can be experienced on sunny weekends.</p>
<p></p>
<p></p>
<p>As an additional bonus, winter is the lower season, where you can rent a bi and luxury motorhome for half the price you get in the summer! If the forecast is predicting sunny times ahead, contact us to see the availability of our motorhomes and live this unique experience <img src="https://s.w.org/images/core/emoji/15.0.3/72x72/1f642.png" alt="🙂" class="wp-smiley" style="height: 1em; max-height: 1em;" /></p>
<p></p>						</div>
				</div>
					</div>
		</div>
					</div>
		</section>
				<section class="elementor-section elementor-top-section elementor-element elementor-element-8d3664f elementor-section-boxed elementor-section-height-default elementor-section-height-default" data-id="8d3664f" data-element_type="section">
						<div class="elementor-container elementor-column-gap-default">
					<div class="elementor-column elementor-col-100 elementor-top-column elementor-element elementor-element-b56bdc4" data-id="b56bdc4" data-element_type="column">
			<div class="elementor-widget-wrap elementor-element-populated">
						<div class="elementor-element elementor-element-9437ef5 elementor-arrows-position-inside elementor-widget elementor-widget-image-carousel" data-id="9437ef5" data-element_type="widget" data-settings="{&quot;slides_to_show&quot;:&quot;2&quot;,&quot;slides_to_scroll&quot;:&quot;1&quot;,&quot;navigation&quot;:&quot;arrows&quot;,&quot;autoplay&quot;:&quot;yes&quot;,&quot;pause_on_hover&quot;:&quot;yes&quot;,&quot;pause_on_interaction&quot;:&quot;yes&quot;,&quot;autoplay_speed&quot;:5000,&quot;infinite&quot;:&quot;yes&quot;,&quot;speed&quot;:500}" data-widget_type="image-carousel.default">
				<div class="elementor-widget-container">
					<div class="elementor-image-carousel-wrapper swiper" dir="ltr">
			<div class="elementor-image-carousel swiper-wrapper swiper-image-stretch" aria-live="off">
								<div class="swiper-slide" role="group" aria-roledescription="slide" aria-label="1 of 7"><figure class="swiper-slide-inner"><img decoding="async" class="swiper-slide-image" src="https://caravanconcierge-atdqfzeyesemeycm.z01.azurefd.net/wp-content/uploads/2019/02/motorhome_bruni_snowboard-605x465.jpg" alt="motorhome_bruni_snowboard" /></figure></div><div class="swiper-slide" role="group" aria-roledescription="slide" aria-label="2 of 7"><figure class="swiper-slide-inner"><img decoding="async" class="swiper-slide-image" src="https://caravanconcierge-atdqfzeyesemeycm.z01.azurefd.net/wp-content/uploads/2019/02/Family_serra_da_estrela-605x465.jpg" alt="Family_serra_da_estrela" /></figure></div><div class="swiper-slide" role="group" aria-roledescription="slide" aria-label="3 of 7"><figure class="swiper-slide-inner"><img decoding="async" class="swiper-slide-image" src="https://caravanconcierge-atdqfzeyesemeycm.z01.azurefd.net/wp-content/uploads/2019/02/Motorhome_ski3-605x465.jpg" alt="Motorhome_ski3" /></figure></div><div class="swiper-slide" role="group" aria-roledescription="slide" aria-label="4 of 7"><figure class="swiper-slide-inner"><img decoding="async" class="swiper-slide-image" src="https://caravanconcierge-atdqfzeyesemeycm.z01.azurefd.net/wp-content/uploads/2019/02/laikinha_serra_da_estrela-605x465.jpg" alt="laikinha_serra_da_estrela" /></figure></div><div class="swiper-slide" role="group" aria-roledescription="slide" aria-label="5 of 7"><figure class="swiper-slide-inner"><img decoding="async" class="swiper-slide-image" src="https://caravanconcierge-atdqfzeyesemeycm.z01.azurefd.net/wp-content/uploads/2019/02/caravaninha_serra_da_estrela-605x465.jpg" alt="caravaninha_serra_da_estrela" /></figure></div><div class="swiper-slide" role="group" aria-roledescription="slide" aria-label="6 of 7"><figure class="swiper-slide-inner"><img decoding="async" class="swiper-slide-image" src="https://caravanconcierge-atdqfzeyesemeycm.z01.azurefd.net/wp-content/uploads/2019/02/Motorhome_ski2-605x465.jpg" alt="Motorhome_ski2" /></figure></div><div class="swiper-slide" role="group" aria-roledescription="slide" aria-label="7 of 7"><figure class="swiper-slide-inner"><img decoding="async" class="swiper-slide-image" src="https://caravanconcierge-atdqfzeyesemeycm.z01.azurefd.net/wp-content/uploads/2019/02/family_snowboard-605x465.jpg" alt="family_snowboard" /></figure></div>			</div>
												<div class="elementor-swiper-button elementor-swiper-button-prev" role="button" tabindex="0">
						<i aria-hidden="true" class="eicon-chevron-left"></i>					</div>
					<div class="elementor-swiper-button elementor-swiper-button-next" role="button" tabindex="0">
						<i aria-hidden="true" class="eicon-chevron-right"></i>					</div>
				
									</div>
				</div>
				</div>
					</div>
		</div>
					</div>
		</section>
				</div>
		]]></content:encoded>
					
		
		
			</item>
	</channel>
</rss>
