<?xml version="1.0" encoding="UTF-8"?><rss version="2.0"
	xmlns:content="http://purl.org/rss/1.0/modules/content/"
	xmlns:wfw="http://wellformedweb.org/CommentAPI/"
	xmlns:dc="http://purl.org/dc/elements/1.1/"
	xmlns:atom="http://www.w3.org/2005/Atom"
	xmlns:sy="http://purl.org/rss/1.0/modules/syndication/"
	xmlns:slash="http://purl.org/rss/1.0/modules/slash/"
	>

<channel>
	<title>Travel &#8211; CaravanConcierge</title>
	<atom:link href="/category/travel/feed/" rel="self" type="application/rss+xml" />
	<link>/</link>
	<description>Motorhome and campervan renting in Portugal and Spain</description>
	<lastBuildDate>Tue, 05 May 2020 14:01:27 +0000</lastBuildDate>
	<language>en-US</language>
	<sy:updatePeriod>
	hourly	</sy:updatePeriod>
	<sy:updateFrequency>
	1	</sy:updateFrequency>
	<generator>https://wordpress.org/?v=6.5.3</generator>

<image>
	<url>/wp-content/uploads/2019/02/Logo_square_192-36x36.png</url>
	<title>Travel &#8211; CaravanConcierge</title>
	<link>/</link>
	<width>32</width>
	<height>32</height>
</image> 
	<item>
		<title>Costa Vicentina route</title>
		<link>/2020/05/costa-vicentina-route/</link>
		
		<dc:creator><![CDATA[Andrea Vieira]]></dc:creator>
		<pubDate>Tue, 05 May 2020 13:58:49 +0000</pubDate>
				<category><![CDATA[Motorhome]]></category>
		<category><![CDATA[Travel]]></category>
		<guid isPermaLink="false">/?p=1113</guid>

					<description><![CDATA[1st stop: ALCÁCER DO SALOne of the most popular motorhome trips in Portugal is the beaches of Southwest Alentejo and the Algarve.We started this line of Posts with the first stop: 01- Alcácer do Sal:The park is right next to &#8230; <a href="/2020/05/costa-vicentina-route/">Read More</a>]]></description>
										<content:encoded><![CDATA[
<p>1st stop: ALCÁCER DO SALOne of the most popular motorhome trips in Portugal is the beaches of Southwest Alentejo and the Algarve.We started this line of Posts with the first stop: 01- Alcácer do Sal:The park is right next to the river. The pedestrian bridge allows passage to visit the historic center. The population is hospitable and the cuisine is superb.</p>



<figure class="wp-block-gallery columns-3 is-cropped wp-block-gallery-1 is-layout-flex wp-block-gallery-is-layout-flex"><ul class="blocks-gallery-grid"><li class="blocks-gallery-item"><figure><img fetchpriority="high" decoding="async" width="1024" height="768" src="https://caravanconcierge-atdqfzeyesemeycm.z01.azurefd.net/wp-content/uploads/2020/05/Alcacer-do-Sal02-1024x768.jpeg" alt="" data-id="1120" data-full-url="https://caravanconcierge-atdqfzeyesemeycm.z01.azurefd.net/wp-content/uploads/2020/05/Alcacer-do-Sal02.jpeg" data-link="/?attachment_id=1120" class="wp-image-1120" srcset="https://caravanconcierge-atdqfzeyesemeycm.z01.azurefd.net/wp-content/uploads/2020/05/Alcacer-do-Sal02-1024x768.jpeg 1024w, https://caravanconcierge-atdqfzeyesemeycm.z01.azurefd.net/wp-content/uploads/2020/05/Alcacer-do-Sal02-300x225.jpeg 300w, https://caravanconcierge-atdqfzeyesemeycm.z01.azurefd.net/wp-content/uploads/2020/05/Alcacer-do-Sal02-768x576.jpeg 768w, https://caravanconcierge-atdqfzeyesemeycm.z01.azurefd.net/wp-content/uploads/2020/05/Alcacer-do-Sal02-1536x1152.jpeg 1536w, https://caravanconcierge-atdqfzeyesemeycm.z01.azurefd.net/wp-content/uploads/2020/05/Alcacer-do-Sal02-80x60.jpeg 80w, https://caravanconcierge-atdqfzeyesemeycm.z01.azurefd.net/wp-content/uploads/2020/05/Alcacer-do-Sal02-107x80.jpeg 107w, https://caravanconcierge-atdqfzeyesemeycm.z01.azurefd.net/wp-content/uploads/2020/05/Alcacer-do-Sal02-394x296.jpeg 394w, https://caravanconcierge-atdqfzeyesemeycm.z01.azurefd.net/wp-content/uploads/2020/05/Alcacer-do-Sal02-915x686.jpeg 915w, https://caravanconcierge-atdqfzeyesemeycm.z01.azurefd.net/wp-content/uploads/2020/05/Alcacer-do-Sal02-1240x930.jpeg 1240w, https://caravanconcierge-atdqfzeyesemeycm.z01.azurefd.net/wp-content/uploads/2020/05/Alcacer-do-Sal02-1440x1080.jpeg 1440w, https://caravanconcierge-atdqfzeyesemeycm.z01.azurefd.net/wp-content/uploads/2020/05/Alcacer-do-Sal02.jpeg 1824w" sizes="(max-width: 1024px) 100vw, 1024px" /></figure></li><li class="blocks-gallery-item"><figure><img decoding="async" width="1024" height="768" src="https://caravanconcierge-atdqfzeyesemeycm.z01.azurefd.net/wp-content/uploads/2020/05/Alcacer-do-Sal01-1024x768.jpeg" alt="" data-id="1119" data-full-url="https://caravanconcierge-atdqfzeyesemeycm.z01.azurefd.net/wp-content/uploads/2020/05/Alcacer-do-Sal01.jpeg" data-link="/?attachment_id=1119" class="wp-image-1119" srcset="https://caravanconcierge-atdqfzeyesemeycm.z01.azurefd.net/wp-content/uploads/2020/05/Alcacer-do-Sal01-1024x768.jpeg 1024w, https://caravanconcierge-atdqfzeyesemeycm.z01.azurefd.net/wp-content/uploads/2020/05/Alcacer-do-Sal01-300x225.jpeg 300w, https://caravanconcierge-atdqfzeyesemeycm.z01.azurefd.net/wp-content/uploads/2020/05/Alcacer-do-Sal01-768x576.jpeg 768w, https://caravanconcierge-atdqfzeyesemeycm.z01.azurefd.net/wp-content/uploads/2020/05/Alcacer-do-Sal01-1536x1152.jpeg 1536w, https://caravanconcierge-atdqfzeyesemeycm.z01.azurefd.net/wp-content/uploads/2020/05/Alcacer-do-Sal01-80x60.jpeg 80w, https://caravanconcierge-atdqfzeyesemeycm.z01.azurefd.net/wp-content/uploads/2020/05/Alcacer-do-Sal01-107x80.jpeg 107w, https://caravanconcierge-atdqfzeyesemeycm.z01.azurefd.net/wp-content/uploads/2020/05/Alcacer-do-Sal01-394x296.jpeg 394w, https://caravanconcierge-atdqfzeyesemeycm.z01.azurefd.net/wp-content/uploads/2020/05/Alcacer-do-Sal01-915x686.jpeg 915w, https://caravanconcierge-atdqfzeyesemeycm.z01.azurefd.net/wp-content/uploads/2020/05/Alcacer-do-Sal01-1240x930.jpeg 1240w, https://caravanconcierge-atdqfzeyesemeycm.z01.azurefd.net/wp-content/uploads/2020/05/Alcacer-do-Sal01-1440x1080.jpeg 1440w, https://caravanconcierge-atdqfzeyesemeycm.z01.azurefd.net/wp-content/uploads/2020/05/Alcacer-do-Sal01.jpeg 1824w" sizes="(max-width: 1024px) 100vw, 1024px" /></figure></li><li class="blocks-gallery-item"><figure><img decoding="async" width="1000" height="609" src="https://caravanconcierge-atdqfzeyesemeycm.z01.azurefd.net/wp-content/uploads/2020/05/Alcacer-do-Sal07.png" alt="" data-id="1118" data-full-url="https://caravanconcierge-atdqfzeyesemeycm.z01.azurefd.net/wp-content/uploads/2020/05/Alcacer-do-Sal07.png" data-link="/?attachment_id=1118" class="wp-image-1118" srcset="https://caravanconcierge-atdqfzeyesemeycm.z01.azurefd.net/wp-content/uploads/2020/05/Alcacer-do-Sal07.png 1000w, https://caravanconcierge-atdqfzeyesemeycm.z01.azurefd.net/wp-content/uploads/2020/05/Alcacer-do-Sal07-300x183.png 300w, https://caravanconcierge-atdqfzeyesemeycm.z01.azurefd.net/wp-content/uploads/2020/05/Alcacer-do-Sal07-768x468.png 768w, https://caravanconcierge-atdqfzeyesemeycm.z01.azurefd.net/wp-content/uploads/2020/05/Alcacer-do-Sal07-99x60.png 99w, https://caravanconcierge-atdqfzeyesemeycm.z01.azurefd.net/wp-content/uploads/2020/05/Alcacer-do-Sal07-131x80.png 131w, https://caravanconcierge-atdqfzeyesemeycm.z01.azurefd.net/wp-content/uploads/2020/05/Alcacer-do-Sal07-394x240.png 394w, https://caravanconcierge-atdqfzeyesemeycm.z01.azurefd.net/wp-content/uploads/2020/05/Alcacer-do-Sal07-915x557.png 915w" sizes="(max-width: 1000px) 100vw, 1000px" /></figure></li><li class="blocks-gallery-item"><figure><img loading="lazy" decoding="async" width="1024" height="521" src="https://caravanconcierge-atdqfzeyesemeycm.z01.azurefd.net/wp-content/uploads/2020/05/Alcacer-do-Sal06-1024x521.png" alt="" data-id="1117" data-full-url="https://caravanconcierge-atdqfzeyesemeycm.z01.azurefd.net/wp-content/uploads/2020/05/Alcacer-do-Sal06.png" data-link="/?attachment_id=1117" class="wp-image-1117" srcset="https://caravanconcierge-atdqfzeyesemeycm.z01.azurefd.net/wp-content/uploads/2020/05/Alcacer-do-Sal06-1024x521.png 1024w, https://caravanconcierge-atdqfzeyesemeycm.z01.azurefd.net/wp-content/uploads/2020/05/Alcacer-do-Sal06-300x153.png 300w, https://caravanconcierge-atdqfzeyesemeycm.z01.azurefd.net/wp-content/uploads/2020/05/Alcacer-do-Sal06-768x391.png 768w, https://caravanconcierge-atdqfzeyesemeycm.z01.azurefd.net/wp-content/uploads/2020/05/Alcacer-do-Sal06-118x60.png 118w, https://caravanconcierge-atdqfzeyesemeycm.z01.azurefd.net/wp-content/uploads/2020/05/Alcacer-do-Sal06-157x80.png 157w, https://caravanconcierge-atdqfzeyesemeycm.z01.azurefd.net/wp-content/uploads/2020/05/Alcacer-do-Sal06-394x200.png 394w, https://caravanconcierge-atdqfzeyesemeycm.z01.azurefd.net/wp-content/uploads/2020/05/Alcacer-do-Sal06-915x466.png 915w, https://caravanconcierge-atdqfzeyesemeycm.z01.azurefd.net/wp-content/uploads/2020/05/Alcacer-do-Sal06.png 1199w" sizes="(max-width: 1024px) 100vw, 1024px" /></figure></li><li class="blocks-gallery-item"><figure><img loading="lazy" decoding="async" width="1013" height="608" src="https://caravanconcierge-atdqfzeyesemeycm.z01.azurefd.net/wp-content/uploads/2020/05/Alcacer-do-Sal05.png" alt="" data-id="1116" data-full-url="https://caravanconcierge-atdqfzeyesemeycm.z01.azurefd.net/wp-content/uploads/2020/05/Alcacer-do-Sal05.png" data-link="/?attachment_id=1116" class="wp-image-1116" srcset="https://caravanconcierge-atdqfzeyesemeycm.z01.azurefd.net/wp-content/uploads/2020/05/Alcacer-do-Sal05.png 1013w, https://caravanconcierge-atdqfzeyesemeycm.z01.azurefd.net/wp-content/uploads/2020/05/Alcacer-do-Sal05-300x180.png 300w, https://caravanconcierge-atdqfzeyesemeycm.z01.azurefd.net/wp-content/uploads/2020/05/Alcacer-do-Sal05-768x461.png 768w, https://caravanconcierge-atdqfzeyesemeycm.z01.azurefd.net/wp-content/uploads/2020/05/Alcacer-do-Sal05-100x60.png 100w, https://caravanconcierge-atdqfzeyesemeycm.z01.azurefd.net/wp-content/uploads/2020/05/Alcacer-do-Sal05-133x80.png 133w, https://caravanconcierge-atdqfzeyesemeycm.z01.azurefd.net/wp-content/uploads/2020/05/Alcacer-do-Sal05-394x236.png 394w, https://caravanconcierge-atdqfzeyesemeycm.z01.azurefd.net/wp-content/uploads/2020/05/Alcacer-do-Sal05-915x549.png 915w" sizes="(max-width: 1013px) 100vw, 1013px" /></figure></li><li class="blocks-gallery-item"><figure><img loading="lazy" decoding="async" width="986" height="608" src="https://caravanconcierge-atdqfzeyesemeycm.z01.azurefd.net/wp-content/uploads/2020/05/Alcacer-do-Sal04.png" alt="" data-id="1115" data-full-url="https://caravanconcierge-atdqfzeyesemeycm.z01.azurefd.net/wp-content/uploads/2020/05/Alcacer-do-Sal04.png" data-link="/?attachment_id=1115" class="wp-image-1115" srcset="https://caravanconcierge-atdqfzeyesemeycm.z01.azurefd.net/wp-content/uploads/2020/05/Alcacer-do-Sal04.png 986w, https://caravanconcierge-atdqfzeyesemeycm.z01.azurefd.net/wp-content/uploads/2020/05/Alcacer-do-Sal04-300x185.png 300w, https://caravanconcierge-atdqfzeyesemeycm.z01.azurefd.net/wp-content/uploads/2020/05/Alcacer-do-Sal04-768x474.png 768w, https://caravanconcierge-atdqfzeyesemeycm.z01.azurefd.net/wp-content/uploads/2020/05/Alcacer-do-Sal04-97x60.png 97w, https://caravanconcierge-atdqfzeyesemeycm.z01.azurefd.net/wp-content/uploads/2020/05/Alcacer-do-Sal04-130x80.png 130w, https://caravanconcierge-atdqfzeyesemeycm.z01.azurefd.net/wp-content/uploads/2020/05/Alcacer-do-Sal04-394x243.png 394w, https://caravanconcierge-atdqfzeyesemeycm.z01.azurefd.net/wp-content/uploads/2020/05/Alcacer-do-Sal04-915x564.png 915w" sizes="(max-width: 986px) 100vw, 986px" /></figure></li><li class="blocks-gallery-item"><figure><img loading="lazy" decoding="async" width="1024" height="599" src="https://caravanconcierge-atdqfzeyesemeycm.z01.azurefd.net/wp-content/uploads/2020/05/Alcacer-do-sal03-1024x599.png" alt="" data-id="1114" data-full-url="https://caravanconcierge-atdqfzeyesemeycm.z01.azurefd.net/wp-content/uploads/2020/05/Alcacer-do-sal03.png" data-link="/?attachment_id=1114" class="wp-image-1114" srcset="https://caravanconcierge-atdqfzeyesemeycm.z01.azurefd.net/wp-content/uploads/2020/05/Alcacer-do-sal03-1024x599.png 1024w, https://caravanconcierge-atdqfzeyesemeycm.z01.azurefd.net/wp-content/uploads/2020/05/Alcacer-do-sal03-300x176.png 300w, https://caravanconcierge-atdqfzeyesemeycm.z01.azurefd.net/wp-content/uploads/2020/05/Alcacer-do-sal03-768x450.png 768w, https://caravanconcierge-atdqfzeyesemeycm.z01.azurefd.net/wp-content/uploads/2020/05/Alcacer-do-sal03-103x60.png 103w, https://caravanconcierge-atdqfzeyesemeycm.z01.azurefd.net/wp-content/uploads/2020/05/Alcacer-do-sal03-137x80.png 137w, https://caravanconcierge-atdqfzeyesemeycm.z01.azurefd.net/wp-content/uploads/2020/05/Alcacer-do-sal03-394x231.png 394w, https://caravanconcierge-atdqfzeyesemeycm.z01.azurefd.net/wp-content/uploads/2020/05/Alcacer-do-sal03-915x536.png 915w, https://caravanconcierge-atdqfzeyesemeycm.z01.azurefd.net/wp-content/uploads/2020/05/Alcacer-do-sal03.png 1143w" sizes="(max-width: 1024px) 100vw, 1024px" /></figure></li></ul></figure>



<p>2nd stop: MELIDES BEACHES  It has paradisiacal beaches with long sands <img src="https://s.w.org/images/core/emoji/15.0.3/72x72/2600.png" alt="☀" class="wp-smiley" style="height: 1em; max-height: 1em;" />The images speak for themselves.If you want to visit by motorhome leave us a note. <img src="https://s.w.org/images/core/emoji/15.0.3/72x72/263a.png" alt="☺" class="wp-smiley" style="height: 1em; max-height: 1em;" /></p>



<figure class="wp-block-gallery columns-0 is-cropped wp-block-gallery-2 is-layout-flex wp-block-gallery-is-layout-flex"><ul class="blocks-gallery-grid"></ul></figure>
]]></content:encoded>
					
		
		
			</item>
		<item>
		<title>Going up the river</title>
		<link>/2019/02/going-up-the-river/</link>
		
		<dc:creator><![CDATA[André Silva]]></dc:creator>
		<pubDate>Mon, 11 Feb 2019 09:29:39 +0000</pubDate>
				<category><![CDATA[Family]]></category>
		<category><![CDATA[Travel]]></category>
		<category><![CDATA[Vacation]]></category>
		<guid isPermaLink="false">/?p=368</guid>

					<description><![CDATA[Our trip to the Douro valley Last Friday we decided to take Marselha and Bruni, and drive up the Douro River with the full family, including the grandparents. Early Autumn is one of the most, if not THE most, best &#8230; <a href="/2019/02/going-up-the-river/">Read More</a>]]></description>
										<content:encoded><![CDATA[		<div data-elementor-type="wp-post" data-elementor-id="368" class="elementor elementor-368 elementor-bc-flex-widget">
						<section class="elementor-section elementor-top-section elementor-element elementor-element-18ece664 elementor-section-boxed elementor-section-height-default elementor-section-height-default" data-id="18ece664" data-element_type="section">
						<div class="elementor-container elementor-column-gap-default">
					<div class="elementor-column elementor-col-100 elementor-top-column elementor-element elementor-element-53602f50" data-id="53602f50" data-element_type="column">
			<div class="elementor-widget-wrap elementor-element-populated">
						<div class="elementor-element elementor-element-491c273b elementor-widget elementor-widget-text-editor" data-id="491c273b" data-element_type="widget" data-widget_type="text-editor.default">
				<div class="elementor-widget-container">
							<p></p>
<p>Our trip to the Douro valley</p>
<p></p>
<p></p>
<p>Last Friday we decided to take Marselha and Bruni, and drive up the Douro River with the full family, including the grandparents.</p>
<p></p>
<p></p>
<p>Early Autumn is one of the most, if not THE most, best times to have a motorhome trip! Most of days are still sunny, the temperatures are very nice (we got up to 28º at night!) and there aren’t that many tourists.</p>
<p></p>
<p></p>
<p>We left Friday evening. Just before starting, we put the kids washing their teeth and wear their pajamas. The youngest went sleeping to the lower bunk bed, the oldest went to our bed to watch a movie, while we started our short journey from Porto to Peso da Régua (or simply Régua).</p>
<p></p>
<p></p>
<p>Part of the trip was on highway, so I was glad to be doing it by night, since we had a more peaceful voyage with the kids sleeping and no traffic at all. We arrived in Régua just before midnight. After a couple of minutes after parking we’re all sleeping with the sound of Douro River flowing outside.</p>
<p></p>
<p></p>
<p>Régua, apart from being a very know tourist destination, specially because all it’s tradicion about the Port Wine, has one of the best and free motorhome parking places.Very close to the river, near the old bridge, there are space for more than 30 motorhome, with all the comforts, from free clean water and chemical WC waste facilities.</p>
<p></p>
<p></p>
<p>After waking up and taking our complete breakfast &#8211; which must always include scramble eggs, toast, tea and hot chocolate; with a stunning view of the Douro River and listening to some music, we dressed up and went for a short bicycle ride.</p>
<p> </p>
<p></p>
<p></p>
<p>If I haven’t yet mentioned, bicycles are a most have for any motorhome trip, specially if they are electric :D. You can park the motorhome anywhere and go visit / travel / shopping by bicycle.</p>
<p></p>
<p></p>
<p>From the motorhome park till the center, there’s a bike lane that follows the river, with some children parks in the middle. We went to visit the “Museu do Douro” (Douro Museum), which is located on a beautiful building and has some exhibitions related with the Douro Wine and its traditions.</p>
<p></p>
<p></p>
<p>Our next stop was Pinhão, a very picturesque village, located on the north bank of the river Douro, the center of the wine region and the place where wine estates are located.</p>
<p></p>
<p></p>
<p>The landscape of Pinhão is classified by UNESCO as a cultural heritage of humanity, and when you visit it, you’ll understand why! The vineyards, in ladder, facing the douro river provide a visual painting you’ll never forget.</p>
<p></p>
<p></p>
<p> </p>
<p></p>
<p></p>
<p> </p>
<p></p>						</div>
				</div>
				<div class="elementor-element elementor-element-d5f91fd elementor-widget elementor-widget-video" data-id="d5f91fd" data-element_type="widget" data-settings="{&quot;youtube_url&quot;:&quot;https:\/\/www.youtube.com\/watch?v=XBMwVd-jjuY&amp;t=2s&quot;,&quot;video_type&quot;:&quot;youtube&quot;,&quot;controls&quot;:&quot;yes&quot;}" data-widget_type="video.default">
				<div class="elementor-widget-container">
					<div class="elementor-wrapper elementor-open-inline">
			<div class="elementor-video"></div>		</div>
				</div>
				</div>
					</div>
		</div>
					</div>
		</section>
				<section class="elementor-section elementor-top-section elementor-element elementor-element-4c8a764 elementor-section-boxed elementor-section-height-default elementor-section-height-default" data-id="4c8a764" data-element_type="section">
						<div class="elementor-container elementor-column-gap-default">
					<div class="elementor-column elementor-col-100 elementor-top-column elementor-element elementor-element-5bf0206" data-id="5bf0206" data-element_type="column">
			<div class="elementor-widget-wrap elementor-element-populated">
						<div class="elementor-element elementor-element-732b4cc elementor-widget elementor-widget-text-editor" data-id="732b4cc" data-element_type="widget" data-widget_type="text-editor.default">
				<div class="elementor-widget-container">
							<p style="font-size: 16px; font-family: 'Open Sans', Helvetica, Arial, sans-serif; font-weight: 400; color: #333333; font-style: normal;">The grandparents, that were traveling on Bruni, meet us at Pinhão. Together we drove through the fantastic landscapes of Douro, passing on the hold train town of Ferradosa.</p>
<p style="font-size: 16px; font-family: 'Open Sans', Helvetica, Arial, sans-serif; font-weight: 400; color: #333333; font-style: normal;">By the end of the day, we headed to Torre de Moncorvo &#8211; a very small town, with a lovely townsquare and a very good restaurant &#8211; o <a href="https://www.restauranteolagar.com.pt/">Lagar</a>, located on the other side of the church. This restaurant servers tradicional Portuguese dishes, such as Codefish, Octopus and, not so tradicional but incredibly tasty, the boar.</p>
<p style="font-size: 16px; font-family: 'Open Sans', Helvetica, Arial, sans-serif; font-weight: 400; color: #333333; font-style: normal;">To spend the night, we went to Foz do Sabor, a magical place where the Rio Sabor meets with Douro River. It&#8217;s one of the best places to spend the night on the Douro &#8211; you can park with a gorgeous view over the windows, where you can see the tourism boats go up the river. It provides a very green grass place to take out the tables and chairs &#8211; which we provide for free <img src="https://s.w.org/images/core/emoji/15.0.3/72x72/1f609.png" alt="😉" class="wp-smiley" style="height: 1em; max-height: 1em;" /> and have a breakfast or lunch.</p>
<p style="font-size: 16px; font-family: 'Open Sans', Helvetica, Arial, sans-serif; font-weight: 400; color: #333333; font-style: normal;">We spend the rest of the day enjoying the fantastic weather, taking some sun, swimming on the river, playing with the dogs&#8230; these are truly the best moments of being in holidays on the wilderness!</p>
<p style="font-size: 16px; font-family: 'Open Sans', Helvetica, Arial, sans-serif; font-weight: 400; color: #333333; font-style: normal;">Without noticing, the time went by and, by the end of Sunday, it was time to return and plan our next trip to find more hidden gems that Portugal has to offer.</p>						</div>
				</div>
					</div>
		</div>
					</div>
		</section>
				<section class="elementor-section elementor-top-section elementor-element elementor-element-a31740d elementor-section-boxed elementor-section-height-default elementor-section-height-default" data-id="a31740d" data-element_type="section">
						<div class="elementor-container elementor-column-gap-default">
					<div class="elementor-column elementor-col-100 elementor-top-column elementor-element elementor-element-e0b4419" data-id="e0b4419" data-element_type="column">
			<div class="elementor-widget-wrap elementor-element-populated">
						<div class="elementor-element elementor-element-18be14b elementor-widget elementor-widget-video" data-id="18be14b" data-element_type="widget" data-settings="{&quot;youtube_url&quot;:&quot;https:\/\/www.youtube.com\/watch?v=MbLJSLka7TE&amp;t=37s&quot;,&quot;video_type&quot;:&quot;youtube&quot;,&quot;controls&quot;:&quot;yes&quot;}" data-widget_type="video.default">
				<div class="elementor-widget-container">
					<div class="elementor-wrapper elementor-open-inline">
			<div class="elementor-video"></div>		</div>
				</div>
				</div>
					</div>
		</div>
					</div>
		</section>
				</div>
		]]></content:encoded>
					
		
		
			</item>
		<item>
		<title>The north</title>
		<link>/2019/02/the-north/</link>
		
		<dc:creator><![CDATA[André Silva]]></dc:creator>
		<pubDate>Mon, 11 Feb 2019 09:25:13 +0000</pubDate>
				<category><![CDATA[Travel]]></category>
		<category><![CDATA[Family]]></category>
		<category><![CDATA[Vacations]]></category>
		<guid isPermaLink="false">/?p=363</guid>

					<description><![CDATA[The trip to Cangas, Pontevedra and Vila Nova de Cerveira On a sunny early Autumn Friday, we decided to take the kids and go up north. This time of the year, from September till the end of October, we still &#8230; <a href="/2019/02/the-north/">Read More</a>]]></description>
										<content:encoded><![CDATA[
<p>The trip to Cangas, Pontevedra and Vila Nova de Cerveira</p>



<p>On a sunny early Autumn Friday, we decided to take the kids and go up north. This time of the year, from September till the end of October, we still get very warm days and they are the perfect time for a getaway trip.<br>On that Friday we left work at lunchtime, just in time to pack our things on Marselha and hit the road.<br>Since our youngest still has his afternoon nap, we put him to bed, and we forced Rodri to read a book (instead, as usual, to watch a movie). With everything ready, we set course to the north: Galicia, Spain.<br>After one and a half hour driving, we arrived in Cangas (just a bit north of Vigo): a perfect beach, with clear water and a fantastic view over the Islas Cies. The roads, especially near the beach, are a little bit narrow, but a motorhome can cross them (not recommended for very big motorhomes &#8211; with 6 wheels).<br></p>



<p>When we arrived, a couple of hours before the sunset, we parked with the table window facing the sea, and we just couldn&#8217;t believe: such a view, so good weather and almost no one at the beach!<br>Kika was the first to get out and started immediately her wild running &#8211; what we call the 5 minutes of pure madness <img src="https://s.w.org/images/core/emoji/15.0.3/72x72/1f642.png" alt="🙂" class="wp-smiley" style="height: 1em; max-height: 1em;" /> We went immediately after her.<br>The most braves went for swimming on the &#8220;not-so-cold-as -expected&#8221; water &#8211; to take advantage of the late summer. Afterward, we simply stayed on the beach playing, resting, making some movies and enjoying the time.<br>For dinner, Andrea took her famous &#8220;Bacalhau à brás&#8221; &#8211; one of the multiple codfish dishes typical in Portugal, which we followed with a good &#8220;Pera Doce&#8221; bottle of red wine. With such warm weather, we went for the small and familiar beach bar to eat an ice-cream. The rest of the evening went by watching a movie with Rodri.<br>On the next day, as usual, Johnny was the first to wake up, and I went for a small running &#8211; along with Kika, through the empty beach. When I returned, the breakfast was ready &#8211; toasts with scrambled eggs and some fresh fruit.<br>Before departing, I took a hot water shower &#8211; one of the privileges of having a motorhome with you. We left after lunch &#8211; Pontevedra was our next destination.<br></p>



<p>On Pontevedra, we parked on a very complete and spacious motorhome parking, located in a green area near the river and the &#8220;Estádio da Xuventu&#8221;. We took out the bicycles and cycled to the city center to admire the old city, its buildings, the architecture and the &#8220;plazas&#8221;. We stopped on the &#8220;Plaza da Ferraria&#8221; for eating an ice-cream and walk along the &#8220;San Pedro&#8221; garden.<br>At sunset, we decided to leave and head back to Portugal.</p>
]]></content:encoded>
					
		
		
			</item>
		<item>
		<title>Looking for christmas</title>
		<link>/2018/12/looking-for-christmas/</link>
		
		<dc:creator><![CDATA[Andrea Vieira]]></dc:creator>
		<pubDate>Thu, 13 Dec 2018 22:45:10 +0000</pubDate>
				<category><![CDATA[Family]]></category>
		<category><![CDATA[Travel]]></category>
		<guid isPermaLink="false">http://import.themovation.com/embark/walking-tours/?p=384</guid>

					<description><![CDATA[People normally don&#8217;t associate Christmas holidays with a motorhome, but this year, we took Marselha and went looking for Christmas&#8230; Although we planned to start our trip on Friday, 30th of October, we were only able to exit on Monday. &#8230; <a href="/2018/12/looking-for-christmas/">Read More</a>]]></description>
										<content:encoded><![CDATA[<p>People normally don&#8217;t associate Christmas holidays with a motorhome, but this year, we took Marselha and went looking for Christmas&#8230;</p>
<p>Although we planned to start our trip on Friday, 30<sup>th</sup> of October, we were only able to exit on Monday.</p>
<p>Our first stop was Foz do Arelho, a really nice seashore town, very well know for a motorhome destination. We stopped at an amazing gazebo, just on top of a clif, with a stnning view over the ocean. We heated some tea and had a small lunch, and then just watched the sunset while the kids played with Kika.</p>
<p>We decided to have dinner on a fancy restaurant, a risky bet when you have a small kid with you, just on the center of Caldas da Rainha.</p>
<p>We slept on São Martinho do Porto.</p>
<p>We went to Óbidos &#8211; Christmas town, that had a lot of entertainement for the kids.</p>
]]></content:encoded>
					
		
		
			</item>
	</channel>
</rss>
