<?xml version="1.0" encoding="UTF-8"?><rss version="2.0"
	xmlns:content="http://purl.org/rss/1.0/modules/content/"
	xmlns:wfw="http://wellformedweb.org/CommentAPI/"
	xmlns:dc="http://purl.org/dc/elements/1.1/"
	xmlns:atom="http://www.w3.org/2005/Atom"
	xmlns:sy="http://purl.org/rss/1.0/modules/syndication/"
	xmlns:slash="http://purl.org/rss/1.0/modules/slash/"
	>

<channel>
	<title>Vacations &#8211; CaravanConcierge</title>
	<atom:link href="/tag/vacations/feed/" rel="self" type="application/rss+xml" />
	<link>/</link>
	<description>Motorhome and campervan renting in Portugal and Spain</description>
	<lastBuildDate>Wed, 13 Mar 2019 09:58:14 +0000</lastBuildDate>
	<language>en-US</language>
	<sy:updatePeriod>
	hourly	</sy:updatePeriod>
	<sy:updateFrequency>
	1	</sy:updateFrequency>
	<generator>https://wordpress.org/?v=6.5.3</generator>

<image>
	<url>/wp-content/uploads/2019/02/Logo_square_192-36x36.png</url>
	<title>Vacations &#8211; CaravanConcierge</title>
	<link>/</link>
	<width>32</width>
	<height>32</height>
</image> 
	<item>
		<title>The north</title>
		<link>/2019/02/the-north/</link>
		
		<dc:creator><![CDATA[André Silva]]></dc:creator>
		<pubDate>Mon, 11 Feb 2019 09:25:13 +0000</pubDate>
				<category><![CDATA[Travel]]></category>
		<category><![CDATA[Family]]></category>
		<category><![CDATA[Vacations]]></category>
		<guid isPermaLink="false">/?p=363</guid>

					<description><![CDATA[The trip to Cangas, Pontevedra and Vila Nova de Cerveira On a sunny early Autumn Friday, we decided to take the kids and go up north. This time of the year, from September till the end of October, we still &#8230; <a href="/2019/02/the-north/">Read More</a>]]></description>
										<content:encoded><![CDATA[
<p>The trip to Cangas, Pontevedra and Vila Nova de Cerveira</p>



<p>On a sunny early Autumn Friday, we decided to take the kids and go up north. This time of the year, from September till the end of October, we still get very warm days and they are the perfect time for a getaway trip.<br>On that Friday we left work at lunchtime, just in time to pack our things on Marselha and hit the road.<br>Since our youngest still has his afternoon nap, we put him to bed, and we forced Rodri to read a book (instead, as usual, to watch a movie). With everything ready, we set course to the north: Galicia, Spain.<br>After one and a half hour driving, we arrived in Cangas (just a bit north of Vigo): a perfect beach, with clear water and a fantastic view over the Islas Cies. The roads, especially near the beach, are a little bit narrow, but a motorhome can cross them (not recommended for very big motorhomes &#8211; with 6 wheels).<br></p>



<p>When we arrived, a couple of hours before the sunset, we parked with the table window facing the sea, and we just couldn&#8217;t believe: such a view, so good weather and almost no one at the beach!<br>Kika was the first to get out and started immediately her wild running &#8211; what we call the 5 minutes of pure madness <img src="https://s.w.org/images/core/emoji/15.0.3/72x72/1f642.png" alt="🙂" class="wp-smiley" style="height: 1em; max-height: 1em;" /> We went immediately after her.<br>The most braves went for swimming on the &#8220;not-so-cold-as -expected&#8221; water &#8211; to take advantage of the late summer. Afterward, we simply stayed on the beach playing, resting, making some movies and enjoying the time.<br>For dinner, Andrea took her famous &#8220;Bacalhau à brás&#8221; &#8211; one of the multiple codfish dishes typical in Portugal, which we followed with a good &#8220;Pera Doce&#8221; bottle of red wine. With such warm weather, we went for the small and familiar beach bar to eat an ice-cream. The rest of the evening went by watching a movie with Rodri.<br>On the next day, as usual, Johnny was the first to wake up, and I went for a small running &#8211; along with Kika, through the empty beach. When I returned, the breakfast was ready &#8211; toasts with scrambled eggs and some fresh fruit.<br>Before departing, I took a hot water shower &#8211; one of the privileges of having a motorhome with you. We left after lunch &#8211; Pontevedra was our next destination.<br></p>



<p>On Pontevedra, we parked on a very complete and spacious motorhome parking, located in a green area near the river and the &#8220;Estádio da Xuventu&#8221;. We took out the bicycles and cycled to the city center to admire the old city, its buildings, the architecture and the &#8220;plazas&#8221;. We stopped on the &#8220;Plaza da Ferraria&#8221; for eating an ice-cream and walk along the &#8220;San Pedro&#8221; garden.<br>At sunset, we decided to leave and head back to Portugal.</p>
]]></content:encoded>
					
		
		
			</item>
	</channel>
</rss>
