<?xml version="1.0" encoding="UTF-8"?><rss version="2.0"
	xmlns:content="http://purl.org/rss/1.0/modules/content/"
	xmlns:wfw="http://wellformedweb.org/CommentAPI/"
	xmlns:dc="http://purl.org/dc/elements/1.1/"
	xmlns:atom="http://www.w3.org/2005/Atom"
	xmlns:sy="http://purl.org/rss/1.0/modules/syndication/"
	xmlns:slash="http://purl.org/rss/1.0/modules/slash/"
	>

<channel>
	<title>Motorhome &#8211; CaravanConcierge</title>
	<atom:link href="/category/motorhome/feed/" rel="self" type="application/rss+xml" />
	<link>/</link>
	<description>Motorhome and campervan renting in Portugal and Spain</description>
	<lastBuildDate>Tue, 05 May 2020 14:01:27 +0000</lastBuildDate>
	<language>en-US</language>
	<sy:updatePeriod>
	hourly	</sy:updatePeriod>
	<sy:updateFrequency>
	1	</sy:updateFrequency>
	<generator>https://wordpress.org/?v=6.5.3</generator>

<image>
	<url>/wp-content/uploads/2019/02/Logo_square_192-36x36.png</url>
	<title>Motorhome &#8211; CaravanConcierge</title>
	<link>/</link>
	<width>32</width>
	<height>32</height>
</image> 
	<item>
		<title>Costa Vicentina route</title>
		<link>/2020/05/costa-vicentina-route/</link>
		
		<dc:creator><![CDATA[Andrea Vieira]]></dc:creator>
		<pubDate>Tue, 05 May 2020 13:58:49 +0000</pubDate>
				<category><![CDATA[Motorhome]]></category>
		<category><![CDATA[Travel]]></category>
		<guid isPermaLink="false">/?p=1113</guid>

					<description><![CDATA[1st stop: ALCÁCER DO SALOne of the most popular motorhome trips in Portugal is the beaches of Southwest Alentejo and the Algarve.We started this line of Posts with the first stop: 01- Alcácer do Sal:The park is right next to &#8230; <a href="/2020/05/costa-vicentina-route/">Read More</a>]]></description>
										<content:encoded><![CDATA[
<p>1st stop: ALCÁCER DO SALOne of the most popular motorhome trips in Portugal is the beaches of Southwest Alentejo and the Algarve.We started this line of Posts with the first stop: 01- Alcácer do Sal:The park is right next to the river. The pedestrian bridge allows passage to visit the historic center. The population is hospitable and the cuisine is superb.</p>



<figure class="wp-block-gallery columns-3 is-cropped wp-block-gallery-1 is-layout-flex wp-block-gallery-is-layout-flex"><ul class="blocks-gallery-grid"><li class="blocks-gallery-item"><figure><img fetchpriority="high" decoding="async" width="1024" height="768" src="https://caravanconcierge-atdqfzeyesemeycm.z01.azurefd.net/wp-content/uploads/2020/05/Alcacer-do-Sal02-1024x768.jpeg" alt="" data-id="1120" data-full-url="https://caravanconcierge-atdqfzeyesemeycm.z01.azurefd.net/wp-content/uploads/2020/05/Alcacer-do-Sal02.jpeg" data-link="/?attachment_id=1120" class="wp-image-1120" srcset="https://caravanconcierge-atdqfzeyesemeycm.z01.azurefd.net/wp-content/uploads/2020/05/Alcacer-do-Sal02-1024x768.jpeg 1024w, https://caravanconcierge-atdqfzeyesemeycm.z01.azurefd.net/wp-content/uploads/2020/05/Alcacer-do-Sal02-300x225.jpeg 300w, https://caravanconcierge-atdqfzeyesemeycm.z01.azurefd.net/wp-content/uploads/2020/05/Alcacer-do-Sal02-768x576.jpeg 768w, https://caravanconcierge-atdqfzeyesemeycm.z01.azurefd.net/wp-content/uploads/2020/05/Alcacer-do-Sal02-1536x1152.jpeg 1536w, https://caravanconcierge-atdqfzeyesemeycm.z01.azurefd.net/wp-content/uploads/2020/05/Alcacer-do-Sal02-80x60.jpeg 80w, https://caravanconcierge-atdqfzeyesemeycm.z01.azurefd.net/wp-content/uploads/2020/05/Alcacer-do-Sal02-107x80.jpeg 107w, https://caravanconcierge-atdqfzeyesemeycm.z01.azurefd.net/wp-content/uploads/2020/05/Alcacer-do-Sal02-394x296.jpeg 394w, https://caravanconcierge-atdqfzeyesemeycm.z01.azurefd.net/wp-content/uploads/2020/05/Alcacer-do-Sal02-915x686.jpeg 915w, https://caravanconcierge-atdqfzeyesemeycm.z01.azurefd.net/wp-content/uploads/2020/05/Alcacer-do-Sal02-1240x930.jpeg 1240w, https://caravanconcierge-atdqfzeyesemeycm.z01.azurefd.net/wp-content/uploads/2020/05/Alcacer-do-Sal02-1440x1080.jpeg 1440w, https://caravanconcierge-atdqfzeyesemeycm.z01.azurefd.net/wp-content/uploads/2020/05/Alcacer-do-Sal02.jpeg 1824w" sizes="(max-width: 1024px) 100vw, 1024px" /></figure></li><li class="blocks-gallery-item"><figure><img decoding="async" width="1024" height="768" src="https://caravanconcierge-atdqfzeyesemeycm.z01.azurefd.net/wp-content/uploads/2020/05/Alcacer-do-Sal01-1024x768.jpeg" alt="" data-id="1119" data-full-url="https://caravanconcierge-atdqfzeyesemeycm.z01.azurefd.net/wp-content/uploads/2020/05/Alcacer-do-Sal01.jpeg" data-link="/?attachment_id=1119" class="wp-image-1119" srcset="https://caravanconcierge-atdqfzeyesemeycm.z01.azurefd.net/wp-content/uploads/2020/05/Alcacer-do-Sal01-1024x768.jpeg 1024w, https://caravanconcierge-atdqfzeyesemeycm.z01.azurefd.net/wp-content/uploads/2020/05/Alcacer-do-Sal01-300x225.jpeg 300w, https://caravanconcierge-atdqfzeyesemeycm.z01.azurefd.net/wp-content/uploads/2020/05/Alcacer-do-Sal01-768x576.jpeg 768w, https://caravanconcierge-atdqfzeyesemeycm.z01.azurefd.net/wp-content/uploads/2020/05/Alcacer-do-Sal01-1536x1152.jpeg 1536w, https://caravanconcierge-atdqfzeyesemeycm.z01.azurefd.net/wp-content/uploads/2020/05/Alcacer-do-Sal01-80x60.jpeg 80w, https://caravanconcierge-atdqfzeyesemeycm.z01.azurefd.net/wp-content/uploads/2020/05/Alcacer-do-Sal01-107x80.jpeg 107w, https://caravanconcierge-atdqfzeyesemeycm.z01.azurefd.net/wp-content/uploads/2020/05/Alcacer-do-Sal01-394x296.jpeg 394w, https://caravanconcierge-atdqfzeyesemeycm.z01.azurefd.net/wp-content/uploads/2020/05/Alcacer-do-Sal01-915x686.jpeg 915w, https://caravanconcierge-atdqfzeyesemeycm.z01.azurefd.net/wp-content/uploads/2020/05/Alcacer-do-Sal01-1240x930.jpeg 1240w, https://caravanconcierge-atdqfzeyesemeycm.z01.azurefd.net/wp-content/uploads/2020/05/Alcacer-do-Sal01-1440x1080.jpeg 1440w, https://caravanconcierge-atdqfzeyesemeycm.z01.azurefd.net/wp-content/uploads/2020/05/Alcacer-do-Sal01.jpeg 1824w" sizes="(max-width: 1024px) 100vw, 1024px" /></figure></li><li class="blocks-gallery-item"><figure><img decoding="async" width="1000" height="609" src="https://caravanconcierge-atdqfzeyesemeycm.z01.azurefd.net/wp-content/uploads/2020/05/Alcacer-do-Sal07.png" alt="" data-id="1118" data-full-url="https://caravanconcierge-atdqfzeyesemeycm.z01.azurefd.net/wp-content/uploads/2020/05/Alcacer-do-Sal07.png" data-link="/?attachment_id=1118" class="wp-image-1118" srcset="https://caravanconcierge-atdqfzeyesemeycm.z01.azurefd.net/wp-content/uploads/2020/05/Alcacer-do-Sal07.png 1000w, https://caravanconcierge-atdqfzeyesemeycm.z01.azurefd.net/wp-content/uploads/2020/05/Alcacer-do-Sal07-300x183.png 300w, https://caravanconcierge-atdqfzeyesemeycm.z01.azurefd.net/wp-content/uploads/2020/05/Alcacer-do-Sal07-768x468.png 768w, https://caravanconcierge-atdqfzeyesemeycm.z01.azurefd.net/wp-content/uploads/2020/05/Alcacer-do-Sal07-99x60.png 99w, https://caravanconcierge-atdqfzeyesemeycm.z01.azurefd.net/wp-content/uploads/2020/05/Alcacer-do-Sal07-131x80.png 131w, https://caravanconcierge-atdqfzeyesemeycm.z01.azurefd.net/wp-content/uploads/2020/05/Alcacer-do-Sal07-394x240.png 394w, https://caravanconcierge-atdqfzeyesemeycm.z01.azurefd.net/wp-content/uploads/2020/05/Alcacer-do-Sal07-915x557.png 915w" sizes="(max-width: 1000px) 100vw, 1000px" /></figure></li><li class="blocks-gallery-item"><figure><img loading="lazy" decoding="async" width="1024" height="521" src="https://caravanconcierge-atdqfzeyesemeycm.z01.azurefd.net/wp-content/uploads/2020/05/Alcacer-do-Sal06-1024x521.png" alt="" data-id="1117" data-full-url="https://caravanconcierge-atdqfzeyesemeycm.z01.azurefd.net/wp-content/uploads/2020/05/Alcacer-do-Sal06.png" data-link="/?attachment_id=1117" class="wp-image-1117" srcset="https://caravanconcierge-atdqfzeyesemeycm.z01.azurefd.net/wp-content/uploads/2020/05/Alcacer-do-Sal06-1024x521.png 1024w, https://caravanconcierge-atdqfzeyesemeycm.z01.azurefd.net/wp-content/uploads/2020/05/Alcacer-do-Sal06-300x153.png 300w, https://caravanconcierge-atdqfzeyesemeycm.z01.azurefd.net/wp-content/uploads/2020/05/Alcacer-do-Sal06-768x391.png 768w, https://caravanconcierge-atdqfzeyesemeycm.z01.azurefd.net/wp-content/uploads/2020/05/Alcacer-do-Sal06-118x60.png 118w, https://caravanconcierge-atdqfzeyesemeycm.z01.azurefd.net/wp-content/uploads/2020/05/Alcacer-do-Sal06-157x80.png 157w, https://caravanconcierge-atdqfzeyesemeycm.z01.azurefd.net/wp-content/uploads/2020/05/Alcacer-do-Sal06-394x200.png 394w, https://caravanconcierge-atdqfzeyesemeycm.z01.azurefd.net/wp-content/uploads/2020/05/Alcacer-do-Sal06-915x466.png 915w, https://caravanconcierge-atdqfzeyesemeycm.z01.azurefd.net/wp-content/uploads/2020/05/Alcacer-do-Sal06.png 1199w" sizes="(max-width: 1024px) 100vw, 1024px" /></figure></li><li class="blocks-gallery-item"><figure><img loading="lazy" decoding="async" width="1013" height="608" src="https://caravanconcierge-atdqfzeyesemeycm.z01.azurefd.net/wp-content/uploads/2020/05/Alcacer-do-Sal05.png" alt="" data-id="1116" data-full-url="https://caravanconcierge-atdqfzeyesemeycm.z01.azurefd.net/wp-content/uploads/2020/05/Alcacer-do-Sal05.png" data-link="/?attachment_id=1116" class="wp-image-1116" srcset="https://caravanconcierge-atdqfzeyesemeycm.z01.azurefd.net/wp-content/uploads/2020/05/Alcacer-do-Sal05.png 1013w, https://caravanconcierge-atdqfzeyesemeycm.z01.azurefd.net/wp-content/uploads/2020/05/Alcacer-do-Sal05-300x180.png 300w, https://caravanconcierge-atdqfzeyesemeycm.z01.azurefd.net/wp-content/uploads/2020/05/Alcacer-do-Sal05-768x461.png 768w, https://caravanconcierge-atdqfzeyesemeycm.z01.azurefd.net/wp-content/uploads/2020/05/Alcacer-do-Sal05-100x60.png 100w, https://caravanconcierge-atdqfzeyesemeycm.z01.azurefd.net/wp-content/uploads/2020/05/Alcacer-do-Sal05-133x80.png 133w, https://caravanconcierge-atdqfzeyesemeycm.z01.azurefd.net/wp-content/uploads/2020/05/Alcacer-do-Sal05-394x236.png 394w, https://caravanconcierge-atdqfzeyesemeycm.z01.azurefd.net/wp-content/uploads/2020/05/Alcacer-do-Sal05-915x549.png 915w" sizes="(max-width: 1013px) 100vw, 1013px" /></figure></li><li class="blocks-gallery-item"><figure><img loading="lazy" decoding="async" width="986" height="608" src="https://caravanconcierge-atdqfzeyesemeycm.z01.azurefd.net/wp-content/uploads/2020/05/Alcacer-do-Sal04.png" alt="" data-id="1115" data-full-url="https://caravanconcierge-atdqfzeyesemeycm.z01.azurefd.net/wp-content/uploads/2020/05/Alcacer-do-Sal04.png" data-link="/?attachment_id=1115" class="wp-image-1115" srcset="https://caravanconcierge-atdqfzeyesemeycm.z01.azurefd.net/wp-content/uploads/2020/05/Alcacer-do-Sal04.png 986w, https://caravanconcierge-atdqfzeyesemeycm.z01.azurefd.net/wp-content/uploads/2020/05/Alcacer-do-Sal04-300x185.png 300w, https://caravanconcierge-atdqfzeyesemeycm.z01.azurefd.net/wp-content/uploads/2020/05/Alcacer-do-Sal04-768x474.png 768w, https://caravanconcierge-atdqfzeyesemeycm.z01.azurefd.net/wp-content/uploads/2020/05/Alcacer-do-Sal04-97x60.png 97w, https://caravanconcierge-atdqfzeyesemeycm.z01.azurefd.net/wp-content/uploads/2020/05/Alcacer-do-Sal04-130x80.png 130w, https://caravanconcierge-atdqfzeyesemeycm.z01.azurefd.net/wp-content/uploads/2020/05/Alcacer-do-Sal04-394x243.png 394w, https://caravanconcierge-atdqfzeyesemeycm.z01.azurefd.net/wp-content/uploads/2020/05/Alcacer-do-Sal04-915x564.png 915w" sizes="(max-width: 986px) 100vw, 986px" /></figure></li><li class="blocks-gallery-item"><figure><img loading="lazy" decoding="async" width="1024" height="599" src="https://caravanconcierge-atdqfzeyesemeycm.z01.azurefd.net/wp-content/uploads/2020/05/Alcacer-do-sal03-1024x599.png" alt="" data-id="1114" data-full-url="https://caravanconcierge-atdqfzeyesemeycm.z01.azurefd.net/wp-content/uploads/2020/05/Alcacer-do-sal03.png" data-link="/?attachment_id=1114" class="wp-image-1114" srcset="https://caravanconcierge-atdqfzeyesemeycm.z01.azurefd.net/wp-content/uploads/2020/05/Alcacer-do-sal03-1024x599.png 1024w, https://caravanconcierge-atdqfzeyesemeycm.z01.azurefd.net/wp-content/uploads/2020/05/Alcacer-do-sal03-300x176.png 300w, https://caravanconcierge-atdqfzeyesemeycm.z01.azurefd.net/wp-content/uploads/2020/05/Alcacer-do-sal03-768x450.png 768w, https://caravanconcierge-atdqfzeyesemeycm.z01.azurefd.net/wp-content/uploads/2020/05/Alcacer-do-sal03-103x60.png 103w, https://caravanconcierge-atdqfzeyesemeycm.z01.azurefd.net/wp-content/uploads/2020/05/Alcacer-do-sal03-137x80.png 137w, https://caravanconcierge-atdqfzeyesemeycm.z01.azurefd.net/wp-content/uploads/2020/05/Alcacer-do-sal03-394x231.png 394w, https://caravanconcierge-atdqfzeyesemeycm.z01.azurefd.net/wp-content/uploads/2020/05/Alcacer-do-sal03-915x536.png 915w, https://caravanconcierge-atdqfzeyesemeycm.z01.azurefd.net/wp-content/uploads/2020/05/Alcacer-do-sal03.png 1143w" sizes="(max-width: 1024px) 100vw, 1024px" /></figure></li></ul></figure>



<p>2nd stop: MELIDES BEACHES  It has paradisiacal beaches with long sands <img src="https://s.w.org/images/core/emoji/15.0.3/72x72/2600.png" alt="☀" class="wp-smiley" style="height: 1em; max-height: 1em;" />The images speak for themselves.If you want to visit by motorhome leave us a note. <img src="https://s.w.org/images/core/emoji/15.0.3/72x72/263a.png" alt="☺" class="wp-smiley" style="height: 1em; max-height: 1em;" /></p>



<figure class="wp-block-gallery columns-0 is-cropped wp-block-gallery-2 is-layout-flex wp-block-gallery-is-layout-flex"><ul class="blocks-gallery-grid"></ul></figure>
]]></content:encoded>
					
		
		
			</item>
	</channel>
</rss>
