<?xml version="1.0" encoding="UTF-8"?><rss version="2.0"
	xmlns:content="http://purl.org/rss/1.0/modules/content/"
	xmlns:wfw="http://wellformedweb.org/CommentAPI/"
	xmlns:dc="http://purl.org/dc/elements/1.1/"
	xmlns:atom="http://www.w3.org/2005/Atom"
	xmlns:sy="http://purl.org/rss/1.0/modules/syndication/"
	xmlns:slash="http://purl.org/rss/1.0/modules/slash/"
	>

<channel>
	<title>Andrea Vieira &#8211; CaravanConcierge</title>
	<atom:link href="/author/andreaperavieira/feed/" rel="self" type="application/rss+xml" />
	<link>/</link>
	<description>Motorhome and campervan renting in Portugal and Spain</description>
	<lastBuildDate>Tue, 05 May 2020 14:01:27 +0000</lastBuildDate>
	<language>en-US</language>
	<sy:updatePeriod>
	hourly	</sy:updatePeriod>
	<sy:updateFrequency>
	1	</sy:updateFrequency>
	<generator>https://wordpress.org/?v=6.5.3</generator>

<image>
	<url>/wp-content/uploads/2019/02/Logo_square_192-36x36.png</url>
	<title>Andrea Vieira &#8211; CaravanConcierge</title>
	<link>/</link>
	<width>32</width>
	<height>32</height>
</image> 
	<item>
		<title>Costa Vicentina route</title>
		<link>/2020/05/costa-vicentina-route/</link>
		
		<dc:creator><![CDATA[Andrea Vieira]]></dc:creator>
		<pubDate>Tue, 05 May 2020 13:58:49 +0000</pubDate>
				<category><![CDATA[Motorhome]]></category>
		<category><![CDATA[Travel]]></category>
		<guid isPermaLink="false">/?p=1113</guid>

					<description><![CDATA[1st stop: ALCÁCER DO SALOne of the most popular motorhome trips in Portugal is the beaches of Southwest Alentejo and the Algarve.We started this line of Posts with the first stop: 01- Alcácer do Sal:The park is right next to &#8230; <a href="/2020/05/costa-vicentina-route/">Read More</a>]]></description>
										<content:encoded><![CDATA[
<p>1st stop: ALCÁCER DO SALOne of the most popular motorhome trips in Portugal is the beaches of Southwest Alentejo and the Algarve.We started this line of Posts with the first stop: 01- Alcácer do Sal:The park is right next to the river. The pedestrian bridge allows passage to visit the historic center. The population is hospitable and the cuisine is superb.</p>



<figure class="wp-block-gallery columns-3 is-cropped wp-block-gallery-1 is-layout-flex wp-block-gallery-is-layout-flex"><ul class="blocks-gallery-grid"><li class="blocks-gallery-item"><figure><img fetchpriority="high" decoding="async" width="1024" height="768" src="https://caravanconcierge-atdqfzeyesemeycm.z01.azurefd.net/wp-content/uploads/2020/05/Alcacer-do-Sal02-1024x768.jpeg" alt="" data-id="1120" data-full-url="https://caravanconcierge-atdqfzeyesemeycm.z01.azurefd.net/wp-content/uploads/2020/05/Alcacer-do-Sal02.jpeg" data-link="/?attachment_id=1120" class="wp-image-1120" srcset="https://caravanconcierge-atdqfzeyesemeycm.z01.azurefd.net/wp-content/uploads/2020/05/Alcacer-do-Sal02-1024x768.jpeg 1024w, https://caravanconcierge-atdqfzeyesemeycm.z01.azurefd.net/wp-content/uploads/2020/05/Alcacer-do-Sal02-300x225.jpeg 300w, https://caravanconcierge-atdqfzeyesemeycm.z01.azurefd.net/wp-content/uploads/2020/05/Alcacer-do-Sal02-768x576.jpeg 768w, https://caravanconcierge-atdqfzeyesemeycm.z01.azurefd.net/wp-content/uploads/2020/05/Alcacer-do-Sal02-1536x1152.jpeg 1536w, https://caravanconcierge-atdqfzeyesemeycm.z01.azurefd.net/wp-content/uploads/2020/05/Alcacer-do-Sal02-80x60.jpeg 80w, https://caravanconcierge-atdqfzeyesemeycm.z01.azurefd.net/wp-content/uploads/2020/05/Alcacer-do-Sal02-107x80.jpeg 107w, https://caravanconcierge-atdqfzeyesemeycm.z01.azurefd.net/wp-content/uploads/2020/05/Alcacer-do-Sal02-394x296.jpeg 394w, https://caravanconcierge-atdqfzeyesemeycm.z01.azurefd.net/wp-content/uploads/2020/05/Alcacer-do-Sal02-915x686.jpeg 915w, https://caravanconcierge-atdqfzeyesemeycm.z01.azurefd.net/wp-content/uploads/2020/05/Alcacer-do-Sal02-1240x930.jpeg 1240w, https://caravanconcierge-atdqfzeyesemeycm.z01.azurefd.net/wp-content/uploads/2020/05/Alcacer-do-Sal02-1440x1080.jpeg 1440w, https://caravanconcierge-atdqfzeyesemeycm.z01.azurefd.net/wp-content/uploads/2020/05/Alcacer-do-Sal02.jpeg 1824w" sizes="(max-width: 1024px) 100vw, 1024px" /></figure></li><li class="blocks-gallery-item"><figure><img decoding="async" width="1024" height="768" src="https://caravanconcierge-atdqfzeyesemeycm.z01.azurefd.net/wp-content/uploads/2020/05/Alcacer-do-Sal01-1024x768.jpeg" alt="" data-id="1119" data-full-url="https://caravanconcierge-atdqfzeyesemeycm.z01.azurefd.net/wp-content/uploads/2020/05/Alcacer-do-Sal01.jpeg" data-link="/?attachment_id=1119" class="wp-image-1119" srcset="https://caravanconcierge-atdqfzeyesemeycm.z01.azurefd.net/wp-content/uploads/2020/05/Alcacer-do-Sal01-1024x768.jpeg 1024w, https://caravanconcierge-atdqfzeyesemeycm.z01.azurefd.net/wp-content/uploads/2020/05/Alcacer-do-Sal01-300x225.jpeg 300w, https://caravanconcierge-atdqfzeyesemeycm.z01.azurefd.net/wp-content/uploads/2020/05/Alcacer-do-Sal01-768x576.jpeg 768w, https://caravanconcierge-atdqfzeyesemeycm.z01.azurefd.net/wp-content/uploads/2020/05/Alcacer-do-Sal01-1536x1152.jpeg 1536w, https://caravanconcierge-atdqfzeyesemeycm.z01.azurefd.net/wp-content/uploads/2020/05/Alcacer-do-Sal01-80x60.jpeg 80w, https://caravanconcierge-atdqfzeyesemeycm.z01.azurefd.net/wp-content/uploads/2020/05/Alcacer-do-Sal01-107x80.jpeg 107w, https://caravanconcierge-atdqfzeyesemeycm.z01.azurefd.net/wp-content/uploads/2020/05/Alcacer-do-Sal01-394x296.jpeg 394w, https://caravanconcierge-atdqfzeyesemeycm.z01.azurefd.net/wp-content/uploads/2020/05/Alcacer-do-Sal01-915x686.jpeg 915w, https://caravanconcierge-atdqfzeyesemeycm.z01.azurefd.net/wp-content/uploads/2020/05/Alcacer-do-Sal01-1240x930.jpeg 1240w, https://caravanconcierge-atdqfzeyesemeycm.z01.azurefd.net/wp-content/uploads/2020/05/Alcacer-do-Sal01-1440x1080.jpeg 1440w, https://caravanconcierge-atdqfzeyesemeycm.z01.azurefd.net/wp-content/uploads/2020/05/Alcacer-do-Sal01.jpeg 1824w" sizes="(max-width: 1024px) 100vw, 1024px" /></figure></li><li class="blocks-gallery-item"><figure><img decoding="async" width="1000" height="609" src="https://caravanconcierge-atdqfzeyesemeycm.z01.azurefd.net/wp-content/uploads/2020/05/Alcacer-do-Sal07.png" alt="" data-id="1118" data-full-url="https://caravanconcierge-atdqfzeyesemeycm.z01.azurefd.net/wp-content/uploads/2020/05/Alcacer-do-Sal07.png" data-link="/?attachment_id=1118" class="wp-image-1118" srcset="https://caravanconcierge-atdqfzeyesemeycm.z01.azurefd.net/wp-content/uploads/2020/05/Alcacer-do-Sal07.png 1000w, https://caravanconcierge-atdqfzeyesemeycm.z01.azurefd.net/wp-content/uploads/2020/05/Alcacer-do-Sal07-300x183.png 300w, https://caravanconcierge-atdqfzeyesemeycm.z01.azurefd.net/wp-content/uploads/2020/05/Alcacer-do-Sal07-768x468.png 768w, https://caravanconcierge-atdqfzeyesemeycm.z01.azurefd.net/wp-content/uploads/2020/05/Alcacer-do-Sal07-99x60.png 99w, https://caravanconcierge-atdqfzeyesemeycm.z01.azurefd.net/wp-content/uploads/2020/05/Alcacer-do-Sal07-131x80.png 131w, https://caravanconcierge-atdqfzeyesemeycm.z01.azurefd.net/wp-content/uploads/2020/05/Alcacer-do-Sal07-394x240.png 394w, https://caravanconcierge-atdqfzeyesemeycm.z01.azurefd.net/wp-content/uploads/2020/05/Alcacer-do-Sal07-915x557.png 915w" sizes="(max-width: 1000px) 100vw, 1000px" /></figure></li><li class="blocks-gallery-item"><figure><img loading="lazy" decoding="async" width="1024" height="521" src="https://caravanconcierge-atdqfzeyesemeycm.z01.azurefd.net/wp-content/uploads/2020/05/Alcacer-do-Sal06-1024x521.png" alt="" data-id="1117" data-full-url="https://caravanconcierge-atdqfzeyesemeycm.z01.azurefd.net/wp-content/uploads/2020/05/Alcacer-do-Sal06.png" data-link="/?attachment_id=1117" class="wp-image-1117" srcset="https://caravanconcierge-atdqfzeyesemeycm.z01.azurefd.net/wp-content/uploads/2020/05/Alcacer-do-Sal06-1024x521.png 1024w, https://caravanconcierge-atdqfzeyesemeycm.z01.azurefd.net/wp-content/uploads/2020/05/Alcacer-do-Sal06-300x153.png 300w, https://caravanconcierge-atdqfzeyesemeycm.z01.azurefd.net/wp-content/uploads/2020/05/Alcacer-do-Sal06-768x391.png 768w, https://caravanconcierge-atdqfzeyesemeycm.z01.azurefd.net/wp-content/uploads/2020/05/Alcacer-do-Sal06-118x60.png 118w, https://caravanconcierge-atdqfzeyesemeycm.z01.azurefd.net/wp-content/uploads/2020/05/Alcacer-do-Sal06-157x80.png 157w, https://caravanconcierge-atdqfzeyesemeycm.z01.azurefd.net/wp-content/uploads/2020/05/Alcacer-do-Sal06-394x200.png 394w, https://caravanconcierge-atdqfzeyesemeycm.z01.azurefd.net/wp-content/uploads/2020/05/Alcacer-do-Sal06-915x466.png 915w, https://caravanconcierge-atdqfzeyesemeycm.z01.azurefd.net/wp-content/uploads/2020/05/Alcacer-do-Sal06.png 1199w" sizes="(max-width: 1024px) 100vw, 1024px" /></figure></li><li class="blocks-gallery-item"><figure><img loading="lazy" decoding="async" width="1013" height="608" src="https://caravanconcierge-atdqfzeyesemeycm.z01.azurefd.net/wp-content/uploads/2020/05/Alcacer-do-Sal05.png" alt="" data-id="1116" data-full-url="https://caravanconcierge-atdqfzeyesemeycm.z01.azurefd.net/wp-content/uploads/2020/05/Alcacer-do-Sal05.png" data-link="/?attachment_id=1116" class="wp-image-1116" srcset="https://caravanconcierge-atdqfzeyesemeycm.z01.azurefd.net/wp-content/uploads/2020/05/Alcacer-do-Sal05.png 1013w, https://caravanconcierge-atdqfzeyesemeycm.z01.azurefd.net/wp-content/uploads/2020/05/Alcacer-do-Sal05-300x180.png 300w, https://caravanconcierge-atdqfzeyesemeycm.z01.azurefd.net/wp-content/uploads/2020/05/Alcacer-do-Sal05-768x461.png 768w, https://caravanconcierge-atdqfzeyesemeycm.z01.azurefd.net/wp-content/uploads/2020/05/Alcacer-do-Sal05-100x60.png 100w, https://caravanconcierge-atdqfzeyesemeycm.z01.azurefd.net/wp-content/uploads/2020/05/Alcacer-do-Sal05-133x80.png 133w, https://caravanconcierge-atdqfzeyesemeycm.z01.azurefd.net/wp-content/uploads/2020/05/Alcacer-do-Sal05-394x236.png 394w, https://caravanconcierge-atdqfzeyesemeycm.z01.azurefd.net/wp-content/uploads/2020/05/Alcacer-do-Sal05-915x549.png 915w" sizes="(max-width: 1013px) 100vw, 1013px" /></figure></li><li class="blocks-gallery-item"><figure><img loading="lazy" decoding="async" width="986" height="608" src="https://caravanconcierge-atdqfzeyesemeycm.z01.azurefd.net/wp-content/uploads/2020/05/Alcacer-do-Sal04.png" alt="" data-id="1115" data-full-url="https://caravanconcierge-atdqfzeyesemeycm.z01.azurefd.net/wp-content/uploads/2020/05/Alcacer-do-Sal04.png" data-link="/?attachment_id=1115" class="wp-image-1115" srcset="https://caravanconcierge-atdqfzeyesemeycm.z01.azurefd.net/wp-content/uploads/2020/05/Alcacer-do-Sal04.png 986w, https://caravanconcierge-atdqfzeyesemeycm.z01.azurefd.net/wp-content/uploads/2020/05/Alcacer-do-Sal04-300x185.png 300w, https://caravanconcierge-atdqfzeyesemeycm.z01.azurefd.net/wp-content/uploads/2020/05/Alcacer-do-Sal04-768x474.png 768w, https://caravanconcierge-atdqfzeyesemeycm.z01.azurefd.net/wp-content/uploads/2020/05/Alcacer-do-Sal04-97x60.png 97w, https://caravanconcierge-atdqfzeyesemeycm.z01.azurefd.net/wp-content/uploads/2020/05/Alcacer-do-Sal04-130x80.png 130w, https://caravanconcierge-atdqfzeyesemeycm.z01.azurefd.net/wp-content/uploads/2020/05/Alcacer-do-Sal04-394x243.png 394w, https://caravanconcierge-atdqfzeyesemeycm.z01.azurefd.net/wp-content/uploads/2020/05/Alcacer-do-Sal04-915x564.png 915w" sizes="(max-width: 986px) 100vw, 986px" /></figure></li><li class="blocks-gallery-item"><figure><img loading="lazy" decoding="async" width="1024" height="599" src="https://caravanconcierge-atdqfzeyesemeycm.z01.azurefd.net/wp-content/uploads/2020/05/Alcacer-do-sal03-1024x599.png" alt="" data-id="1114" data-full-url="https://caravanconcierge-atdqfzeyesemeycm.z01.azurefd.net/wp-content/uploads/2020/05/Alcacer-do-sal03.png" data-link="/?attachment_id=1114" class="wp-image-1114" srcset="https://caravanconcierge-atdqfzeyesemeycm.z01.azurefd.net/wp-content/uploads/2020/05/Alcacer-do-sal03-1024x599.png 1024w, https://caravanconcierge-atdqfzeyesemeycm.z01.azurefd.net/wp-content/uploads/2020/05/Alcacer-do-sal03-300x176.png 300w, https://caravanconcierge-atdqfzeyesemeycm.z01.azurefd.net/wp-content/uploads/2020/05/Alcacer-do-sal03-768x450.png 768w, https://caravanconcierge-atdqfzeyesemeycm.z01.azurefd.net/wp-content/uploads/2020/05/Alcacer-do-sal03-103x60.png 103w, https://caravanconcierge-atdqfzeyesemeycm.z01.azurefd.net/wp-content/uploads/2020/05/Alcacer-do-sal03-137x80.png 137w, https://caravanconcierge-atdqfzeyesemeycm.z01.azurefd.net/wp-content/uploads/2020/05/Alcacer-do-sal03-394x231.png 394w, https://caravanconcierge-atdqfzeyesemeycm.z01.azurefd.net/wp-content/uploads/2020/05/Alcacer-do-sal03-915x536.png 915w, https://caravanconcierge-atdqfzeyesemeycm.z01.azurefd.net/wp-content/uploads/2020/05/Alcacer-do-sal03.png 1143w" sizes="(max-width: 1024px) 100vw, 1024px" /></figure></li></ul></figure>



<p>2nd stop: MELIDES BEACHES  It has paradisiacal beaches with long sands <img src="https://s.w.org/images/core/emoji/15.0.3/72x72/2600.png" alt="☀" class="wp-smiley" style="height: 1em; max-height: 1em;" />The images speak for themselves.If you want to visit by motorhome leave us a note. <img src="https://s.w.org/images/core/emoji/15.0.3/72x72/263a.png" alt="☺" class="wp-smiley" style="height: 1em; max-height: 1em;" /></p>



<figure class="wp-block-gallery columns-0 is-cropped wp-block-gallery-2 is-layout-flex wp-block-gallery-is-layout-flex"><ul class="blocks-gallery-grid"></ul></figure>
]]></content:encoded>
					
		
		
			</item>
		<item>
		<title>Whats the autonomy of a motorhome? And how to handle it?</title>
		<link>/2019/02/whats-the-autonomy-of-a-motorhome-and-how-to-handle-it/</link>
					<comments>/2019/02/whats-the-autonomy-of-a-motorhome-and-how-to-handle-it/#comments</comments>
		
		<dc:creator><![CDATA[Andrea Vieira]]></dc:creator>
		<pubDate>Tue, 19 Feb 2019 11:48:19 +0000</pubDate>
				<category><![CDATA[Information]]></category>
		<guid isPermaLink="false">/?p=679</guid>

					<description><![CDATA[These are the precautions you need to take on a motorhome trip: Fuel &#8211; Obviously if you want to drive the motorhome you’ll need fuel (diesel). The fuel deposits are around 70-80 liters and the fuel consumption is around 10-12 &#8230; <a href="/2019/02/whats-the-autonomy-of-a-motorhome-and-how-to-handle-it/">Read More</a>]]></description>
										<content:encoded><![CDATA[		<div data-elementor-type="wp-post" data-elementor-id="679" class="elementor elementor-679 elementor-bc-flex-widget">
						<section class="elementor-section elementor-top-section elementor-element elementor-element-1dd3436 elementor-section-boxed elementor-section-height-default elementor-section-height-default" data-id="1dd3436" data-element_type="section">
						<div class="elementor-container elementor-column-gap-default">
					<div class="elementor-column elementor-col-100 elementor-top-column elementor-element elementor-element-a080148" data-id="a080148" data-element_type="column">
			<div class="elementor-widget-wrap elementor-element-populated">
						<div class="elementor-element elementor-element-5f4a47b4 elementor-widget elementor-widget-text-editor" data-id="5f4a47b4" data-element_type="widget" data-widget_type="text-editor.default">
				<div class="elementor-widget-container">
							<p></p>
<p>These are the precautions you need to take on a motorhome trip:</p>
<p></p>
<p></p>
<ul>
<li><em>Fuel </em>&#8211; Obviously if you want to drive the motorhome you’ll need fuel (diesel). The fuel deposits are around 70-80 liters and the fuel consumption is around 10-12 l/100km, so you can expect and autonomy of around 550 kms till 800 kms, depending on your driving.</li>
<li><em>Battery </em>“Electric energy” &#8211; You need electric energy to power the lights, the water pump, the TV and charge your mobile phone. All our motorhomes have one battery for the car and one or 2, special batteries for the “home”. These batteries are charged when you drive, by the solar panel or when connected to the electric socket.<br />Since we provide a solar panel on all motorhomes, you’ll never need to worry with the batteries running low. In such extreme cases, if you’re not on a campsite connected to the 220v electric power, you’ll need to switch on the engine to charge the batteries.</li>
<li><em>Gas </em>&#8211; We supply all our motorhomes with 2 gas bottles: one completely full and another that can be used. A gas bottle will last more than 20 days of consecutive usage for the fridge and water heating, so this isn’t something you’ll need to worry about.<br />The gas is used to heat up the water, heat the “home” on cold days and power the fridge when you are parked outside a campsite.</li>
<li><em>Water </em>&#8211; All our motorhomes have a water deposit of 120L or bigger. For a family of 4 people, this will last you around 2-3 days of showers, dish washing and other normal water usage. So, you need to plan to, every couple of days, either spend the night on a campsite, which offer the services to fill up the water tank, or you’ll need to go to a motorhome service area:<br />Whenever you fill up clean water you’ll also need to empty the grey water tank (water used to shower, dishwashing, etc). Typically the grey water tank has the same capacity as the clean water tank;</li>
<li><em>Chemical toilet</em> &#8211; On a motorhome, you’ll also need to plan to empty the chemical toilet. On a regular use, 4 persons will fill up the chemical toilet in 2-3 days so you’ll also need to plan to empty the cassette every couple of days. You can do this on a campsite or on the multiple motorhome service areas available in Portugal.</li>
</ul>
<p></p>
<p></p>
<p>In resume, <strong>we recommend that once every 2 days, you either plan to sleep on a campsite or you go to a motorhome service are to fill up the clean water, empty the grey water tank and the WC cassette</strong>. The gas and 12v electricity last for a very long time so it’s not something you’ll need to worry about.</p>
<div id="attachment_685" style="width: 190px" class="wp-caption alignright"><img loading="lazy" decoding="async" aria-describedby="caption-attachment-685" class=" wp-image-685" src="https://caravanconcierge-atdqfzeyesemeycm.z01.azurefd.net/wp-content/uploads/2019/02/MotorhomeServiceAreaSign2-300x300.gif" alt="" width="180" height="180" srcset="https://caravanconcierge-atdqfzeyesemeycm.z01.azurefd.net/wp-content/uploads/2019/02/MotorhomeServiceAreaSign2-300x300.gif 300w, https://caravanconcierge-atdqfzeyesemeycm.z01.azurefd.net/wp-content/uploads/2019/02/MotorhomeServiceAreaSign2-150x150.gif 150w, https://caravanconcierge-atdqfzeyesemeycm.z01.azurefd.net/wp-content/uploads/2019/02/MotorhomeServiceAreaSign2-50x50.gif 50w, https://caravanconcierge-atdqfzeyesemeycm.z01.azurefd.net/wp-content/uploads/2019/02/MotorhomeServiceAreaSign2-80x80.gif 80w, https://caravanconcierge-atdqfzeyesemeycm.z01.azurefd.net/wp-content/uploads/2019/02/MotorhomeServiceAreaSign2-394x394.gif 394w, https://caravanconcierge-atdqfzeyesemeycm.z01.azurefd.net/wp-content/uploads/2019/02/MotorhomeServiceAreaSign2-303x303.gif 303w" sizes="(max-width: 180px) 100vw, 180px" /><p id="caption-attachment-685" class="wp-caption-text">Motorhome Service Area Sign</p></div>
<p></p>
<p></p>
<p>In Portugal and Spain there are a lot of Motorhome service areas. They are marked with a special sign so you can easily find them.</p>
<p></p>
<p></p>
<p>Additionally every campsite also has a special place where you can service the motorhome. To find the nearest service area, campsite or motorhome park, we strongly recommend you to install the App <a href="https://www.caramaps.com/">Caramaps</a> or <a href="https://park4night.com/">Park4Night</a>, available on both Android and Apple IOS.</p>
<p></p>
<p></p>
<p>If you still have any question or doubt, we are available 24/7 on whatsapp to assist you.</p>
<p></p>
<p></p>
<p>Enjoy your motorhome holidays <img src="https://s.w.org/images/core/emoji/15.0.3/72x72/1f609.png" alt="😉" class="wp-smiley" style="height: 1em; max-height: 1em;" /></p>
<p></p>
<p></p>
<p> </p>
<p></p>						</div>
				</div>
					</div>
		</div>
					</div>
		</section>
				</div>
		]]></content:encoded>
					
					<wfw:commentRss>/2019/02/whats-the-autonomy-of-a-motorhome-and-how-to-handle-it/feed/</wfw:commentRss>
			<slash:comments>1</slash:comments>
		
		
			</item>
		<item>
		<title>Looking for christmas</title>
		<link>/2018/12/looking-for-christmas/</link>
		
		<dc:creator><![CDATA[Andrea Vieira]]></dc:creator>
		<pubDate>Thu, 13 Dec 2018 22:45:10 +0000</pubDate>
				<category><![CDATA[Family]]></category>
		<category><![CDATA[Travel]]></category>
		<guid isPermaLink="false">http://import.themovation.com/embark/walking-tours/?p=384</guid>

					<description><![CDATA[People normally don&#8217;t associate Christmas holidays with a motorhome, but this year, we took Marselha and went looking for Christmas&#8230; Although we planned to start our trip on Friday, 30th of October, we were only able to exit on Monday. &#8230; <a href="/2018/12/looking-for-christmas/">Read More</a>]]></description>
										<content:encoded><![CDATA[<p>People normally don&#8217;t associate Christmas holidays with a motorhome, but this year, we took Marselha and went looking for Christmas&#8230;</p>
<p>Although we planned to start our trip on Friday, 30<sup>th</sup> of October, we were only able to exit on Monday.</p>
<p>Our first stop was Foz do Arelho, a really nice seashore town, very well know for a motorhome destination. We stopped at an amazing gazebo, just on top of a clif, with a stnning view over the ocean. We heated some tea and had a small lunch, and then just watched the sunset while the kids played with Kika.</p>
<p>We decided to have dinner on a fancy restaurant, a risky bet when you have a small kid with you, just on the center of Caldas da Rainha.</p>
<p>We slept on São Martinho do Porto.</p>
<p>We went to Óbidos &#8211; Christmas town, that had a lot of entertainement for the kids.</p>
]]></content:encoded>
					
		
		
			</item>
	</channel>
</rss>
